CSDUID,CSD,Period,IndicatorSummaryDescription,Building Type,OriginalValue
4807019,Stettler County No. 6,1992,Building Permits (number of permits),Commercial,0
4807019,Stettler County No. 6,1993,Building Permits (number of permits),Commercial,0
4807019,Stettler County No. 6,1994,Building Permits (number of permits),Commercial,0
4807019,Stettler County No. 6,1995,Building Permits (number of permits),Commercial,0
4807019,Stettler County No. 6,1996,Building Permits (number of permits),Commercial,0
4807019,Stettler County No. 6,1997,Building Permits (number of permits),Commercial,0
4807019,Stettler County No. 6,1998,Building Permits (number of permits),Commercial,12
4807019,Stettler County No. 6,1999,Building Permits (number of permits),Commercial,5
4807019,Stettler County No. 6,2000,Building Permits (number of permits),Commercial,11
4807019,Stettler County No. 6,2001,Building Permits (number of permits),Commercial,15
4807019,Stettler County No. 6,2002,Building Permits (number of permits),Commercial,3
4807019,Stettler County No. 6,2003,Building Permits (number of permits),Commercial,14
4807019,Stettler County No. 6,2004,Building Permits (number of permits),Commercial,0
4807019,Stettler County No. 6,2005,Building Permits (number of permits),Commercial,5
4807019,Stettler County No. 6,2006,Building Permits (number of permits),Commercial,6
4807019,Stettler County No. 6,2007,Building Permits (number of permits),Commercial,3
4807019,Stettler County No. 6,2008,Building Permits (number of permits),Commercial,2
4807019,Stettler County No. 6,2009,Building Permits (number of permits),Commercial,1
4807019,Stettler County No. 6,2010,Building Permits (number of permits),Commercial,3
4807019,Stettler County No. 6,2011,Building Permits (number of permits),Commercial,7
4807019,Stettler County No. 6,2012,Building Permits (number of permits),Commercial,0
4807019,Stettler County No. 6,2013,Building Permits (number of permits),Commercial,1
4807019,Stettler County No. 6,2014,Building Permits (number of permits),Commercial,1
4807019,Stettler County No. 6,2015,Building Permits (number of permits),Commercial,0
4807019,Stettler County No. 6,2016,Building Permits (number of permits),Commercial,2
4807019,Stettler County No. 6,2017,Building Permits (number of permits),Commercial,4
4807019,Stettler County No. 6,2018,Building Permits (number of permits),Commercial,6
4807019,Stettler County No. 6,2019,Building Permits (number of permits),Commercial,2
4807019,Stettler County No. 6,2021,Building Permits (number of permits),Commercial,1
4807019,Stettler County No. 6,2023,Building Permits (number of permits),Commercial,1
4807019,Stettler County No. 6,2024,Building Permits (number of permits),Commercial,3
4807019,Stettler County No. 6,1992,Building Permits (number of permits),Industrial,0
4807019,Stettler County No. 6,1993,Building Permits (number of permits),Industrial,0
4807019,Stettler County No. 6,1994,Building Permits (number of permits),Industrial,0
4807019,Stettler County No. 6,1995,Building Permits (number of permits),Industrial,0
4807019,Stettler County No. 6,1996,Building Permits (number of permits),Industrial,0
4807019,Stettler County No. 6,1997,Building Permits (number of permits),Industrial,0
4807019,Stettler County No. 6,1998,Building Permits (number of permits),Industrial,21
4807019,Stettler County No. 6,1999,Building Permits (number of permits),Industrial,24
4807019,Stettler County No. 6,2000,Building Permits (number of permits),Industrial,12
4807019,Stettler County No. 6,2001,Building Permits (number of permits),Industrial,15
4807019,Stettler County No. 6,2002,Building Permits (number of permits),Industrial,11
4807019,Stettler County No. 6,2003,Building Permits (number of permits),Industrial,16
4807019,Stettler County No. 6,2004,Building Permits (number of permits),Industrial,0
4807019,Stettler County No. 6,2005,Building Permits (number of permits),Industrial,5
4807019,Stettler County No. 6,2006,Building Permits (number of permits),Industrial,11
4807019,Stettler County No. 6,2007,Building Permits (number of permits),Industrial,14
4807019,Stettler County No. 6,2008,Building Permits (number of permits),Industrial,32
4807019,Stettler County No. 6,2009,Building Permits (number of permits),Industrial,12
4807019,Stettler County No. 6,2010,Building Permits (number of permits),Industrial,24
4807019,Stettler County No. 6,2011,Building Permits (number of permits),Industrial,6
4807019,Stettler County No. 6,2012,Building Permits (number of permits),Industrial,3
4807019,Stettler County No. 6,2013,Building Permits (number of permits),Industrial,9
4807019,Stettler County No. 6,2014,Building Permits (number of permits),Industrial,2
4807019,Stettler County No. 6,2015,Building Permits (number of permits),Industrial,0
4807019,Stettler County No. 6,2016,Building Permits (number of permits),Industrial,4
4807019,Stettler County No. 6,2017,Building Permits (number of permits),Industrial,2
4807019,Stettler County No. 6,2018,Building Permits (number of permits),Industrial,6
4807019,Stettler County No. 6,2019,Building Permits (number of permits),Industrial,4
4807019,Stettler County No. 6,2020,Building Permits (number of permits),Industrial,2
4807019,Stettler County No. 6,2021,Building Permits (number of permits),Industrial,2
4807019,Stettler County No. 6,2022,Building Permits (number of permits),Industrial,5
4807019,Stettler County No. 6,2023,Building Permits (number of permits),Industrial,3
4807019,Stettler County No. 6,1992,Building Permits (number of permits),Institutional,0
4807019,Stettler County No. 6,1993,Building Permits (number of permits),Institutional,0
4807019,Stettler County No. 6,1994,Building Permits (number of permits),Institutional,0
4807019,Stettler County No. 6,1995,Building Permits (number of permits),Institutional,0
4807019,Stettler County No. 6,1996,Building Permits (number of permits),Institutional,0
4807019,Stettler County No. 6,1997,Building Permits (number of permits),Institutional,0
4807019,Stettler County No. 6,1998,Building Permits (number of permits),Institutional,0
4807019,Stettler County No. 6,1999,Building Permits (number of permits),Institutional,0
4807019,Stettler County No. 6,2000,Building Permits (number of permits),Institutional,0
4807019,Stettler County No. 6,2001,Building Permits (number of permits),Institutional,0
4807019,Stettler County No. 6,2002,Building Permits (number of permits),Institutional,0
4807019,Stettler County No. 6,2003,Building Permits (number of permits),Institutional,2
4807019,Stettler County No. 6,2004,Building Permits (number of permits),Institutional,0
4807019,Stettler County No. 6,2005,Building Permits (number of permits),Institutional,1
4807019,Stettler County No. 6,2006,Building Permits (number of permits),Institutional,0
4807019,Stettler County No. 6,2007,Building Permits (number of permits),Institutional,0
4807019,Stettler County No. 6,2008,Building Permits (number of permits),Institutional,1
4807019,Stettler County No. 6,2009,Building Permits (number of permits),Institutional,1
4807019,Stettler County No. 6,2010,Building Permits (number of permits),Institutional,2
4807019,Stettler County No. 6,2011,Building Permits (number of permits),Institutional,1
4807019,Stettler County No. 6,2012,Building Permits (number of permits),Institutional,0
4807019,Stettler County No. 6,2013,Building Permits (number of permits),Institutional,0
4807019,Stettler County No. 6,2014,Building Permits (number of permits),Institutional,0
4807019,Stettler County No. 6,2015,Building Permits (number of permits),Institutional,0
4807019,Stettler County No. 6,2016,Building Permits (number of permits),Institutional,1
4807019,Stettler County No. 6,2017,Building Permits (number of permits),Institutional,0
4807019,Stettler County No. 6,2024,Building Permits (number of permits),Institutional,1
4807019,Stettler County No. 6,1992,Building Permits (number of permits),Residential,0
4807019,Stettler County No. 6,1993,Building Permits (number of permits),Residential,0
4807019,Stettler County No. 6,1994,Building Permits (number of permits),Residential,0
4807019,Stettler County No. 6,1995,Building Permits (number of permits),Residential,0
4807019,Stettler County No. 6,1996,Building Permits (number of permits),Residential,0
4807019,Stettler County No. 6,1997,Building Permits (number of permits),Residential,0
4807019,Stettler County No. 6,1998,Building Permits (number of permits),Residential,70
4807019,Stettler County No. 6,1999,Building Permits (number of permits),Residential,71
4807019,Stettler County No. 6,2000,Building Permits (number of permits),Residential,56
4807019,Stettler County No. 6,2001,Building Permits (number of permits),Residential,72
4807019,Stettler County No. 6,2002,Building Permits (number of permits),Residential,49
4807019,Stettler County No. 6,2003,Building Permits (number of permits),Residential,53
4807019,Stettler County No. 6,2004,Building Permits (number of permits),Residential,1
4807019,Stettler County No. 6,2005,Building Permits (number of permits),Residential,73
4807019,Stettler County No. 6,2006,Building Permits (number of permits),Residential,81
4807019,Stettler County No. 6,2007,Building Permits (number of permits),Residential,97
4807019,Stettler County No. 6,2008,Building Permits (number of permits),Residential,72
4807019,Stettler County No. 6,2009,Building Permits (number of permits),Residential,49
4807019,Stettler County No. 6,2010,Building Permits (number of permits),Residential,53
4807019,Stettler County No. 6,2011,Building Permits (number of permits),Residential,50
4807019,Stettler County No. 6,2012,Building Permits (number of permits),Residential,36
4807019,Stettler County No. 6,2013,Building Permits (number of permits),Residential,46
4807019,Stettler County No. 6,2014,Building Permits (number of permits),Residential,17
4807019,Stettler County No. 6,2015,Building Permits (number of permits),Residential,0
4807019,Stettler County No. 6,2016,Building Permits (number of permits),Residential,21
4807019,Stettler County No. 6,2017,Building Permits (number of permits),Residential,16
4807019,Stettler County No. 6,2018,Building Permits (number of permits),Residential,30
4807019,Stettler County No. 6,2019,Building Permits (number of permits),Residential,20
4807019,Stettler County No. 6,2020,Building Permits (number of permits),Residential,21
4807019,Stettler County No. 6,2021,Building Permits (number of permits),Residential,39
4807019,Stettler County No. 6,2022,Building Permits (number of permits),Residential,31
4807019,Stettler County No. 6,2023,Building Permits (number of permits),Residential,32
4807019,Stettler County No. 6,2024,Building Permits (number of permits),Residential,26
